,open,high,low,close,adjclose,volume,ticker,pct_change,total_return,SMA 200,SMA 50,SMA 20,EMA 20,RSI
2021-03-03,47.01333236694336,48.266666412353516,46.86000061035156,47.65999984741211,45.91753005981445,1070100,WRB,,,,,,,
2021-03-04,47.54666519165039,48.060001373291016,46.72666549682617,47.119998931884766,45.39727020263672,892950,WRB,-0.011330275225686193,0.9886697247743138,,,,,
2021-03-05,47.733333587646484,48.77333450317383,47.086666107177734,48.63999938964844,46.861698150634766,1000650,WRB,0.03225807496220323,1.0205623068689444,,,,,
2021-03-08,48.973331451416016,50.48666763305664,48.71333312988281,49.78666687011719,47.96644592285156,727500,WRB,0.02357457843045907,1.0446216330153966,,,,,
2021-03-09,49.21333312988281,50.0533332824707,48.313331604003906,49.426666259765625,47.696250915527344,1491750,WRB,-0.007230863863426085,1.0370681161982724,,,,,
2021-03-10,49.246665954589844,50.900001525878906,49.246665954589844,50.66666793823242,48.89283752441406,1310850,WRB,0.02508770613720679,1.0630857763417214,,,,,
2021-03-11,50.246665954589844,51.119998931884766,49.87333297729492,50.66666793823242,48.89283752441406,2019900,WRB,0.0,1.0630857763417214,,,,,
2021-03-12,51.380001068115234,51.540000915527344,50.69333267211914,51.06666564941406,49.278831481933594,1213200,WRB,0.00789469146992805,1.0714785105520082,,,,,
2021-03-15,51.026668548583984,51.5,50.720001220703125,51.38666534423828,49.58763122558594,1521450,WRB,0.00626631268665756,1.078192729936161,,,,,
2021-03-16,50.82666778564453,51.09333419799805,50.35333251953125,50.80666732788086,49.02793884277344,894750,WRB,-0.011286936260059388,1.0660232373173122,,,,,
2021-03-17,51.15999984741211,51.253334045410156,50.38666534423828,50.686668395996094,48.91214370727539,2101800,WRB,-0.002361873710596929,1.063505425058207,,,,,
2021-03-18,51.00666809082031,51.58000183105469,50.52000045776367,50.913333892822266,49.1308708190918,2102700,WRB,0.004471895746931187,1.068261310445363,,,,,
2021-03-19,50.50666809082031,50.87333297729492,49.34000015258789,49.413333892822266,47.683380126953125,3242100,WRB,-0.029461830237981546,1.0367883770672182,,,,,
2021-03-22,49.133331298828125,49.526668548583984,48.64666748046875,48.8466682434082,47.13655471801758,1117200,WRB,-0.011467869191808866,1.0248986235794235,,,,,
2021-03-23,48.56666564941406,49.08000183105469,48.46666717529297,48.77333450317383,47.06578826904297,1060500,WRB,-0.0015013048560230668,1.0233599382989125,,,,,56.47789975540354
2021-03-24,49.133331298828125,50.28666687011719,49.133331298828125,49.69333267211914,47.953582763671875,932400,WRB,0.018862728544537966,1.0426632990184,,,,,60.97704756976267
2021-03-25,49.71333312988281,50.41999816894531,49.233333587646484,50.18000030517578,48.4232063293457,850050,WRB,0.009793419094422884,1.0528745376800608,,,,,63.147345594037255
2021-03-26,50.62666702270508,50.62666702270508,50.0533332824707,50.54666519165039,48.77703857421875,757500,WRB,0.007306992511851185,1.0605678840428077,,,,,64.73853242549811
2021-03-29,50.279998779296875,50.7599983215332,50.073333740234375,50.59333419799805,48.82207107543945,582750,WRB,0.000923285565342713,1.0615470910612104,,,,,64.94599224492202
2021-03-30,50.720001220703125,51.03333282470703,50.41999816894531,50.880001068115234,49.09870529174805,609750,WRB,0.005666099589232587,1.0675619225978232,,,49.887666893005374,49.887666893005374,66.25916851659267
2021-03-31,50.5533332824707,50.733333587646484,50.060001373291016,50.233333587646484,48.47467041015625,1151100,WRB,-0.012709659333596135,1.053993574244086,,,50.01633358001709,49.92058753059024,60.73213500949197
2021-04-01,49.96666717529297,51.026668548583984,49.84000015258789,50.99333190917969,49.208065032958984,1185000,WRB,0.015129362661292722,1.069939825271497,,,50.21000022888184,50.02275366188447,64.48196315120305
2021-04-05,51.18000030517578,51.706668853759766,51.133331298828125,51.473331451416016,49.671260833740234,779250,WRB,0.009412986448722682,1.0800111543477262,,,50.35166683197021,50.160903927554145,66.64820134422949
2021-04-06,51.526668548583984,51.97999954223633,51.3466682434082,51.95333480834961,50.13446044921875,746400,WRB,0.009325282498698462,1.090082563463764,,,50.46000022888184,50.331611630487046,68.70379410827107
2021-04-07,52.43333435058594,52.88666534423828,51.90666580200195,52.38666534423828,50.55261993408203,1408200,WRB,0.008340764601294293,1.0991746855215907,,,50.60800018310547,50.527331031796685,70.47307098869108
2021-04-08,52.14666748046875,52.78666687011719,52.119998931884766,52.52000045776367,50.68128967285156,878700,WRB,0.002545210935821718,1.1019723169515587,,,50.70066680908203,50.71710907236497,71.01603596784244
2021-04-09,53.02000045776367,53.233333587646484,52.61333465576172,53.08000183105469,51.221683502197266,781200,WRB,0.010662630777038329,1.1137222408937306,,,50.821333503723146,50.942146477954466,73.24161337390012
2021-04-12,53.08000183105469,53.18000030517578,52.65999984741211,53.03333282470703,51.1766471862793,1183200,WRB,-0.0008792201344716144,1.112743033875328,,,50.919666862487794,51.14130708240709,72.74032881512532
2021-04-13,52.86000061035156,52.86000061035156,52.17333221435547,52.47999954223633,50.64268493652344,927600,WRB,-0.010433688644454153,1.1011330195185876,,,50.97433357238769,51.26880160239082,66.89433083504251
2021-04-14,52.459999084472656,53.0533332824707,52.246665954589844,52.99333190917969,51.13804626464844,942600,WRB,0.00978148573591775,1.1119037364423567,,,51.08366680145264,51.43304258398976,69.35492834782215
2021-04-15,53.0533332824707,53.30666732788086,52.793331146240234,52.939998626708984,51.086585998535156,900000,WRB,-0.001006414968624858,1.1107846998783313,,,51.19633331298828,51.57656220710588,68.7829189544566
2021-04-16,53.33333206176758,53.526668548583984,52.866668701171875,53.27333450317383,51.40824508666992,1306950,WRB,0.006296484418431225,1.117778738433347,,,51.31433334350586,51.73815956863616,70.42472930723176
2021-04-19,53.413333892822266,53.8466682434082,53.03333282470703,53.84000015258789,51.955074310302734,798300,WRB,0.01063694725886366,1.1296684919211417,,,51.53566665649414,51.938334862345855,73.02228775111631
2021-04-20,53.413333892822266,54.03333282470703,53.266666412353516,53.779998779296875,51.89717102050781,917550,WRB,-0.0011144385795127665,1.1284095457716847,,,51.78233318328857,52.113731425865,72.29821341994727
2021-04-21,54.366668701171875,54.51333236694336,53.0,53.706668853759766,51.82640838623047,1579500,WRB,-0.0013635166828106504,1.1268709405309822,,,52.02899990081787,52.26543975233117,71.36682924303864
2021-04-22,53.560001373291016,53.793331146240234,53.15999984741211,53.63999938964844,51.76206970214844,969900,WRB,-0.0012413628611535055,1.125472084796094,,,52.22633323669434,52.39635019398043,70.47786471591758
2021-04-23,53.733333587646484,54.52000045776367,53.56666564941406,54.2400016784668,52.341068267822266,606000,WRB,0.011185725123892265,1.138061306171237,,,52.42933330535889,52.5719360496458,73.65801179773244
2021-04-26,54.36000061035156,54.82666778564453,53.48666763305664,53.62666702270508,51.749210357666016,781950,WRB,-0.011307791976068682,1.1251923456650397,,,52.58333339691162,52.67238661850859,65.84929212605638
2021-04-27,53.56666564941406,53.87333297729492,53.15999984741211,53.71333312988281,51.83284378051758,877050,WRB,0.001616100943603982,1.127010770076605,,,52.73933334350586,52.77152438149661,66.39147495802852
2021-04-28,53.72666549682617,53.7400016784668,52.2599983215332,52.59333419799805,50.752052307128906,1221750,WRB,-0.02085141372955812,1.1035110022320698,,,52.825,52.754553887830085,54.376784724262976
2021-04-29,52.88666534423828,53.30666732788086,52.633331298828125,53.073333740234375,51.215248107910156,1073100,WRB,0.009126623165385928,1.1135823313082993,,,52.967000007629395,52.78491387377335,57.89365017669801
2021-04-30,53.073333740234375,53.35333251953125,52.7599983215332,53.14666748046875,51.286014556884766,1026000,WRB,0.0013817436189953458,1.1151210165888106,,,53.074666786193845,52.819366598220526,58.420991362059205
2021-05-03,53.53333282470703,54.233333587646484,53.253334045410156,53.67333221435547,51.79424285888672,1091550,WRB,0.009909647374979125,1.126171472643634,,,53.18466682434082,52.900696656900045,62.09280655323076
2021-05-04,53.58000183105469,53.913333892822266,53.20000076293945,53.82666778564453,51.94220733642578,713250,WRB,0.002856829732066579,1.1293887527900877,,,53.278333473205564,52.988884383447136,63.114122616955704
2021-05-05,53.753334045410156,53.900001525878906,52.64666748046875,53.59333419799805,51.717044830322266,1205400,WRB,-0.004334906789617676,1.1244929578175,,,53.338666915893555,53.046451032451984,60.445297730622286
2021-05-06,53.8466682434082,54.040000915527344,53.22666549682617,53.913333892822266,52.025840759277344,994800,WRB,0.005970886111358542,1.131207177201653,,,53.40833358764648,53.1290113048682,62.77038401833642
2021-05-07,53.32666778564453,54.33333206176758,53.20000076293945,54.29999923706055,52.398963928222656,1138950,WRB,0.007171979848379584,1.1393201722808857,,,53.469333457946775,53.24053396507699,65.41577218624207
2021-05-10,54.599998474121094,54.95333480834961,53.87333297729492,53.91999816894531,52.03227233886719,851850,WRB,-0.006998178148331924,1.1313470067472757,,,53.51366672515869,53.30524484163588,60.84039280182873
2021-05-11,53.88666534423828,53.939998626708984,52.540000915527344,52.72666549682617,50.88072204589844,725100,WRB,-0.022131541406587574,1.1063085536222295,,,53.526000022888184,53.2501420468921,49.2020914139161
2021-05-12,52.96666717529297,52.96666717529297,51.65999984741211,51.86000061035156,50.044395446777344,1016400,WRB,-0.016436937141924512,1.0881242294667675,,51.76573341369629,53.469333457946775,53.11774762436443,42.79879655158235
2021-05-13,51.58000183105469,53.16666793823242,51.52000045776367,52.9466667175293,51.093017578125,657750,WRB,0.02095383907420989,1.1109246094637628,,51.87146675109863,53.46966686248779,53.10145420466585,51.348411673502085
2021-05-14,53.11333465576172,53.80666732788086,53.04666519165039,53.65999984741211,51.781375885009766,753900,WRB,0.013472673052081774,1.1258917335125798,,52.00226676940918,53.489000129699704,53.154649027784544,55.997808954106745
2021-05-17,53.53333282470703,53.53333282470703,52.81999969482422,52.939998626708984,51.086585998535156,627750,WRB,-0.01341783866475077,1.1107846998783315,,52.08826675415039,53.44400005340576,53.134206132444014,50.72824155561088
2021-05-18,52.69333267211914,53.09333419799805,52.28666687011719,52.43333435058594,50.59765625,825150,WRB,-0.009570538142542162,1.1001538925399936,,52.141200103759765,53.37666683197021,53.06745643893372,47.35141593739231
2021-05-19,52.11333465576172,52.56666564941406,51.380001068115234,52.50666809082031,50.66842269897461,933000,WRB,0.001398609131817663,1.101692577820505,,52.20280014038086,53.316666793823245,53.01404802482768,47.89208406004262
2021-05-20,52.619998931884766,52.706668853759766,52.11333465576172,52.33333206176758,50.50115203857422,661500,WRB,-0.0033012193566142045,1.0980556489575657,,52.236133422851566,53.2513334274292,52.94921793310767,46.6720536096618
2021-05-21,52.49333190917969,52.8466682434082,52.00666809082031,52.2400016784668,50.41109085083008,795300,WRB,-0.0017833831637287245,1.0960973950003776,,52.26760009765625,53.1513334274292,52.88167352790378,45.99267095429858
2021-05-24,52.37333297729492,52.45333480834961,52.133331298828125,52.15999984741211,50.333892822265625,831300,WRB,-0.0015314285697595187,1.094418800134435,,52.28946678161621,53.07800006866455,52.81294270119029,45.38283818399609
2021-05-25,52.086666107177734,52.313331604003906,51.060001373291016,51.206668853759766,49.41393280029297,921300,WRB,-0.018277051312139525,1.0744160515674077,,52.28586685180664,52.9526668548584,52.65996423953024,38.783536224096665
2021-05-26,51.53333282470703,51.53333282470703,50.9466667175293,51.0533332824707,49.26596450805664,798150,WRB,-0.0029944453470889254,1.071198771420954,,52.290800170898436,52.875666809082034,52.50695176742933,37.83066500416072
2021-05-27,51.17333221435547,51.633331298828125,51.0,51.599998474121094,49.79349136352539,1845900,WRB,0.010707727713404447,1.0826688761922632,,52.30906677246094,52.80200004577637,52.420575263304734,43.18959269810589
2021-05-28,51.880001068115234,52.18000030517578,51.599998474121094,51.99333190917969,50.173057556152344,835800,WRB,0.007622741214921902,1.0909217808569271,,52.33066673278809,52.744333267211914,52.37988542005473,46.7465108367591
2021-06-01,52.36000061035156,52.5533332824707,51.7400016784668,51.79999923706055,49.98649215698242,731700,WRB,-0.003718412823722206,1.086865283317311,,52.378400039672854,52.65066661834717,52.32465816453147,45.24694913376724
2021-06-02,51.813331604003906,51.813331604003906,51.279998779296875,51.29999923706055,49.503997802734375,966900,WRB,-0.009652509794677244,1.076374305524596,,52.4274666595459,52.52433319091797,52.22707160001043,41.53596671497744
2021-06-03,51.0533332824707,51.619998931884766,50.720001220703125,51.5,49.696998596191406,968850,WRB,0.003898650407678117,1.0805707126496438,,52.48199996948242,52.41966648101807,52.15782668572373,43.531026080750415
2021-06-04,51.45333480834961,51.606666564941406,51.060001373291016,51.53333282470703,49.729164123535156,612150,WRB,0.0006472393146996769,1.0812701004971836,,52.51879997253418,52.300666427612306,52.09835107991261,43.87478204364573
2021-06-07,51.5,51.5,50.4466667175293,50.459999084472656,48.69340133666992,766050,WRB,-0.020827951180362625,1.0587494596312426,,52.52439994812012,52.10866641998291,51.942317556537375,36.22722450832121
2021-06-08,50.36000061035156,50.70000076293945,50.133331298828125,50.59333419799805,48.82207107543945,878250,WRB,0.002642392309642805,1.0615470910612106,,52.52533332824707,51.94233322143555,51.813842950962204,37.680428807950584
2021-06-09,50.380001068115234,50.38666534423828,50.08000183105469,50.29999923706055,48.53900909423828,705450,WRB,-0.005797897402640584,1.0553923499391662,,52.51946662902832,51.82099990844726,51.66966735916205,35.750347525791454
2021-06-10,50.59333419799805,50.813331604003906,50.18000030517578,50.233333587646484,48.47467041015625,1227900,WRB,-0.0013253608434440345,1.0539935742440865,,52.506533279418946,51.73966655731201,51.53287366663675,35.307705919255774
2021-06-11,50.313331604003906,50.633331298828125,50.313331604003906,50.633331298828125,48.86067199707031,940950,WRB,0.007962794475579349,1.0623863084543734,,52.51453323364258,51.623999786376956,51.44720296494069,40.099953028225535
2021-06-14,50.51333236694336,50.6533317565918,50.086666107177734,50.293331146240234,48.532569885253906,534750,WRB,-0.006714947325533016,1.0552524403537349,,52.50053321838379,51.45566635131836,51.33731041077875,37.553457767641305
2021-06-15,50.35333251953125,51.09333419799805,49.973331451416016,50.70000076293945,48.92500305175781,854850,WRB,0.008085955084516705,1.0637851641892617,,52.48506660461426,51.34366645812988,51.27661425384167,42.27526500953699
2021-06-16,50.86000061035156,51.22666549682617,50.64666748046875,50.7599983215332,48.9828987121582,1099050,WRB,0.0011833837808856718,1.0650440302989101,,52.46119987487793,51.259999656677245,51.22741273647896,42.960519601249366
2021-06-17,50.87333297729492,50.87333297729492,49.880001068115234,49.913333892822266,48.1658821105957,1195350,WRB,-0.016679756830326187,1.0472793548599337,,52.41173324584961,51.130332946777344,51.10226237041642,36.39467921237495
2021-06-18,49.2400016784668,49.37333297729492,48.473331451416016,48.49333190917969,46.795589447021484,1512900,WRB,-0.02844935156388706,1.0174849363079226,,52.33119987487793,50.93833293914795,50.853792802679585,28.521424118087747
2021-06-21,48.79999923706055,49.61333465576172,48.7599983215332,49.56666564941406,47.83134841918945,856500,WRB,0.022133635656229167,1.0400055771738637,,52.26093315124512,50.804666137695314,50.731209264273346,39.22380594285894
2021-06-22,49.78666687011719,49.80666732788086,49.293331146240234,49.49333190917969,47.760581970214844,787650,WRB,-0.001479497143363817,1.0384668918933524,,52.19013313293457,50.67133274078369,50.61331618283585,38.79639108405548
2021-06-23,49.32666778564453,49.526668548583984,49.01333236694336,49.086666107177734,47.3681526184082,843750,WRB,-0.008216577593688434,1.0299342480976341,,52.1222664642334,50.56533260345459,50.46792093753508,36.425949456757536
2021-06-24,48.9466667175293,49.56666564941406,48.746665954589844,49.28666687011719,47.97161102294922,1207950,WRB,0.004074441774121862,1.0341306552226819,,52.04813316345215,50.476999282836914,50.355420550161945,38.41875572054087
2021-06-25,49.313331604003906,49.90666580200195,49.17333221435547,49.793331146240234,48.46475601196289,1033500,WRB,0.010279946044195576,1.0447614625610198,,51.985199813842776,50.38666591644287,50.30188822597893,43.2701867932665
2021-06-28,49.71333312988281,49.71333312988281,48.939998626708984,49.4466667175293,48.127342224121094,975150,WRB,-0.006962065415804464,1.0374877649147585,,51.908666458129886,50.25933265686035,50.22043855850753,40.89620132639604
2021-06-29,49.619998931884766,49.71333312988281,49.293331146240234,49.459999084472656,48.14031982421875,583200,WRB,0.0002696312578465143,1.0377675040458127,,51.82106643676758,50.14233264923096,50.14801575145659,41.0302003392054
2021-06-30,49.473331451416016,49.733333587646484,49.266666412353516,49.619998931884766,48.296043395996094,941400,WRB,0.0032349342978927886,1.0411246137378891,,51.737866439819335,50.05833263397217,50.09772843530689,42.70889007233861
2021-07-01,49.913333892822266,50.85333251953125,49.66666793823242,50.63999938964844,49.28883361816406,883200,WRB,0.0205562369955683,1.0625262180398047,,51.67653305053711,50.01533260345459,50.14937328810132,52.075164790373485
2021-07-02,50.47999954223633,50.753334045410156,50.34000015258789,50.64666748046875,49.29532241821289,740700,WRB,0.00013167636059807641,1.0626661276252363,,51.61666641235352,49.97099933624268,50.19673463975536,52.13026161026247
2021-07-06,50.5533332824707,50.65999984741211,49.813331604003906,50.54666519165039,49.19799041748047,729600,WRB,-0.001974508764212901,1.060567884042808,,51.542799682617186,49.97533264160156,50.23006135898346,51.17996537371868
2021-07-07,50.21333312988281,51.060001373291016,50.119998931884766,50.91999816894531,49.561363220214844,878100,WRB,0.0073859071786319674,1.0684011399909863,,51.48866630554199,49.991665840148926,50.295769626598876,54.513626960182606
2021-07-08,50.29999923706055,50.366668701171875,49.220001220703125,49.380001068115234,48.06245422363281,983700,WRB,-0.03024346339763384,1.0360889892196787,,51.40199966430664,49.94566593170166,50.20855357340996,41.82605396421478
2021-07-09,50.21333312988281,50.459999084472656,49.99333190917969,50.413333892822266,49.068214416503906,731550,WRB,0.02092614018540906,1.0577703326526484,,51.358399658203126,49.954665946960446,50.228056460973036,50.201282056820176
2021-07-12,50.01333236694336,50.90666580200195,49.913333892822266,50.8466682434082,49.489986419677734,755250,WRB,0.008595629709933439,1.0668625347502836,,51.3138663482666,49.96533279418945,50.286971868824004,53.24144444385453
2021-07-13,50.56666564941406,50.880001068115234,49.926666259765625,50.0533332824707,48.71781921386719,738300,WRB,-0.015602496453449466,1.0502168158355243,,51.25199966430664,49.95333290100098,50.264720574885594,47.52155749635678
2021-07-14,50.09333419799805,50.48666763305664,49.880001068115234,50.279998779296875,48.938438415527344,614700,WRB,0.004528479562929677,1.0549727012226806,,51.18413299560547,49.932332801818845,50.26617564197238,49.200779702683434
2021-07-15,49.83333206176758,51.186668395996094,49.83333206176758,50.97999954223633,49.6197624206543,942450,WRB,0.013922052106884353,1.0696600861404433,,51.1271996307373,49.94333286285401,50.33415887056895,54.086874307886475
2021-07-16,51.14666748046875,51.4466667175293,50.913333892822266,51.1533317565918,49.78847122192383,949350,WRB,0.0034000042352269055,1.073296934963574,,51.07839958190918,50.00533275604248,50.41217533590446,55.23505009252436
2021-07-19,50.28666687011719,50.47999954223633,49.06666564941406,49.45333480834961,48.13383102416992,923850,WRB,-0.03323335723920118,1.0376276745001898,,50.98919960021973,50.05333290100098,50.32085719042304,43.693967593658606
2021-07-20,49.63999938964844,51.08000183105469,49.61333465576172,50.56666564941406,49.21746063232422,1066500,WRB,0.022512755618585345,1.0609875327592935,,50.9145329284668,50.103332901000975,50.34426751985076,50.9257629955299
2021-07-21,50.96666717529297,51.779998779296875,50.459999084472656,51.0,49.63923263549805,679650,WRB,0.008569565444364269,1.0700797348569289,,50.85613296508789,50.178666305541995,50.40671823224593,53.43276793631235
2021-07-22,50.753334045410156,51.040000915527344,50.09333419799805,50.13999938964844,48.80217361450195,1042500,WRB,-0.016862757065716938,1.0520352402470896,,50.80439964294433,50.23133296966553,50.38131643771283,48.17301016107835
2021-07-23,50.31999969482422,51.106666564941406,49.32666778564453,49.87333297729492,48.54262161254883,1343400,WRB,-0.005318436689262684,1.0464400574269621,,50.7646662902832,50.26066627502441,50.33293706053018,46.63991174806806
2021-07-26,49.866668701171875,50.22666549682617,49.50666809082031,49.70000076293945,48.37391662597656,1030950,WRB,-0.0034754487821052615,1.0428032086038315,,50.69973297119141,50.25599975585938,50.272657413140585,45.623543902728684
2021-07-27,49.36000061035156,49.97999954223633,49.086666107177734,49.51333236694336,48.19222640991211,788250,WRB,-0.0037559032823051286,1.038886540609838,,50.61679962158203,50.25933303833008,50.20034074207418,44.49889082356324
2021-07-28,49.706668853759766,49.90666580200195,48.279998779296875,48.62666702270508,47.329219818115234,1243500,WRB,-0.017907607948243198,1.0202825677378904,,50.53053298950195,50.217666435241696,50.05046705451522,39.51605311862054
2021-07-29,49.0,49.220001220703125,48.686668395996094,49.040000915527344,47.731529235839844,627000,WRB,0.008500148542553099,1.02895512111904,,50.46266632080078,50.18866653442383,49.95423218413542,42.73520336185993
2021-07-30,48.86000061035156,49.18000030517578,48.62666702270508,48.779998779296875,47.478458404541016,1176450,WRB,-0.005301837915507535,1.0234997678445354,,50.388132934570315,50.09566650390625,49.842400431293655,41.24801903282105
2021-08-02,49.01333236694336,49.253334045410156,48.50666809082031,48.5533332824707,47.257843017578125,1090350,WRB,-0.004646689268109849,1.0187438824573793,,50.31253295898438,49.99099979400635,49.71963213140575,39.94301151149271
2021-08-03,48.686668395996094,48.69333267211914,47.939998626708984,48.366668701171875,47.0761604309082,890700,WRB,-0.0038445265994996314,1.0148272945031944,,50.23506629943848,49.88199996948242,49.59077847138348,38.85284232748908
2021-08-04,47.926666259765625,48.526668548583984,47.90666580200195,47.96666717529297,46.686832427978516,1361550,WRB,-0.008270189711643616,1.006434480253099,,50.151199645996094,49.7343334197998,49.436101205089145,36.55069483444146
2021-08-05,48.01333236694336,48.46666717529297,47.83333206176758,48.439998626708984,47.14753341674805,1129650,WRB,0.00986792452530083,1.016365899743897,,50.09586624145508,49.687333297729495,49.34123429286246,41.00532410669434
2021-08-06,48.91999816894531,49.2599983215332,48.779998779296875,48.97999954223633,47.67313003540039,1037850,WRB,0.01114783094212557,1.0276961749695832,,50.05439956665039,49.6156665802002,49.30683098327902,45.689987741900964
2021-08-09,49.073333740234375,49.13999938964844,48.67333221435547,48.973331451416016,47.66663360595703,928050,WRB,-0.0001361390543616059,1.027556265384152,,50.00186622619629,49.521999740600585,49.275069123101595,45.64179074673749
2021-08-10,48.766666412353516,49.380001068115234,48.67333221435547,48.746665954589844,47.446014404296875,823800,WRB,-0.004628345471065942,1.0228003799969958,,49.93693290710449,49.45666637420654,49.22474501181476,43.944816805117576
2021-08-11,48.80666732788086,49.366668701171875,48.720001220703125,49.35333251953125,48.0364990234375,886350,WRB,0.012445293499796506,1.0355294309177618,,49.887999572753905,49.41033306121826,49.23699144112109,49.37062448327268
2021-08-12,49.38666534423828,49.38666534423828,48.926666259765625,49.22666549682617,47.913211822509766,700950,WRB,-0.002566534340005311,1.0328717090732253,,49.84653289794922,49.32266635894776,49.23600801785491,48.318990391931244
2021-08-13,49.43333435058594,49.766666412353516,49.20000076293945,49.706668853759766,48.38040542602539,763350,WRB,0.009750880992833943,1.0429431181892634,,49.81066627502442,49.25033321380615,49.28083285936965,52.45223877314956
2021-08-16,49.30666732788086,49.91999816894531,49.206668853759766,49.606666564941406,48.283077239990234,657150,WRB,-0.002011848533092664,1.0408448746068353,,49.7721329498291,49.25799980163574,49.311864640852676,51.52764459472978
2021-08-17,49.16666793823242,50.279998779296875,49.119998931884766,49.813331604003906,48.484222412109375,761550,WRB,0.004166073904440903,1.0451811112775058,,49.75919960021972,49.220333099365234,49.35962339924803,53.35747538955107
2021-08-18,49.6533317565918,50.0533332824707,49.366668701171875,49.38666534423828,48.06894302368164,592050,WRB,-0.008565302621343474,1.036228818765302,,49.73506622314453,49.139666366577146,49.36219882258043,49.22589331783227
2021-08-19,50.0533332824707,50.56666564941406,49.426666259765625,50.380001068115234,49.03577423095703,1015200,WRB,0.02011343987193981,1.057070944805109,,49.73666625976563,49.151666450500485,49.459132369774224,57.48058456332556
2021-08-20,50.473331451416016,51.27333450317383,50.37333297729492,50.91999816894531,49.561363220214844,1075650,WRB,0.010718481329525797,1.0684011399909867,,49.7503995513916,49.20399971008301,49.59826244588576,61.17581050104158
2021-08-23,50.973331451416016,51.19333267211914,50.66666793823242,50.706668853759766,49.35372543334961,798750,WRB,-0.00418949966332971,1.0639250737746935,,49.751866302490235,49.254333114624025,49.70382496092138,58.99454096877977
2021-08-24,50.746665954589844,50.96666717529297,50.51333236694336,50.61333465576172,49.262882232666016,832500,WRB,-0.0018406690896463074,1.0619667397776966,,49.758266372680666,49.30933322906494,49.79044493185856,58.0198186455035
2021-08-25,50.6533317565918,51.12666702270508,50.52000045776367,50.793331146240234,49.438079833984375,784800,WRB,0.00355630569893739,1.06574341814645,,49.76013298034668,49.4176664352417,49.88595790465681,59.41255440472116
2021-08-26,50.813331604003906,50.880001068115234,50.073333740234375,50.08000183105469,48.743778228759766,667050,WRB,-0.014043759270912615,1.0507763741374416,,49.74653305053711,49.469666481018066,49.904438278599464,52.04365060548327
2021-08-27,50.18000030517578,50.779998779296875,50.133331298828125,50.7599983215332,49.4056282043457,741000,WRB,0.01357820418562472,1.0650440302989101,,49.763466339111325,49.56866645812988,49.9859201874503,57.46018539720982
2021-08-30,50.779998779296875,50.78666687011719,50.08000183105469,50.11333465576172,48.776222229003906,469950,WRB,-0.012739631346622038,1.0514757619849815,,49.79586639404297,49.646666526794434,49.99805489871805,51.50271347420994
2021-08-31,50.0,50.62666702270508,49.95333480834961,50.206668853759766,48.867069244384766,891600,WRB,0.0018624623294214437,1.0534340959819781,,49.808666458129885,49.73866653442383,50.01792289443631,52.271872953806465
2021-09-01,50.35333251953125,50.38666534423828,49.619998931884766,50.11333465576172,48.776222229003906,644700,WRB,-0.0018590000119288463,1.0514757619849813,,49.821066513061524,49.84599990844727,50.027009728848256,51.394070767012224
2021-09-02,50.206668853759766,50.279998779296875,49.72666549682617,50.246665954589844,48.9059944152832,675150,WRB,0.002660595223686446,1.0542733133751405,,49.84426651000977,49.93633327484131,50.04792936939507,52.618169434929854
2021-09-03,49.99333190917969,50.13999938964844,49.459999084472656,49.633331298828125,48.309024810791016,565800,WRB,-0.012206474680648838,1.0414043528689432,,49.851199798583984,49.9689998626709,50.008443838864885,46.78166370733565
2021-09-07,49.526668548583984,49.68000030517578,48.866668701171875,48.88666534423828,47.58228302001953,1005450,WRB,-0.015043639728600566,1.0257378409725864,,49.83306648254395,49.964666557312015,49.90160779175759,40.84228830808529
2021-09-08,48.793331146240234,49.54666519165039,48.54666519165039,49.47999954223633,48.15978240966797,960450,WRB,0.012136933329775168,1.0381871527622981,,49.83373313903809,50.001333236694336,49.86145462513652,46.63978366148564
2021-09-09,49.459999084472656,50.206668853759766,48.69333267211914,48.70000076293945,47.400596618652344,910500,WRB,-0.015763920503496842,1.0218212530184014,,49.818533172607424,49.96866664886475,49.75083997159394,40.95728400380149
2021-09-10,48.900001525878906,49.073333740234375,47.79999923706055,47.81999969482422,46.5440788269043,990450,WRB,-0.01806983684453889,1.0033571096920766,,49.782533187866214,49.898333358764646,49.566950421425396,35.676069027896375
2021-09-13,48.17333221435547,48.586666107177734,47.98666763305664,48.31999969482422,47.030738830566406,912000,WRB,0.010455876269152675,1.0138480874847915,,49.73613319396973,49.82899990081787,49.44819320936814,40.38005237047
2021-09-14,48.313331604003906,48.37333297729492,47.53333282470703,47.64666748046875,46.458702087402344,1068450,WRB,-0.013934855517550693,0.9997202608689458,,49.676133193969726,49.73099994659424,49.27661933042534,36.50812825154964
2021-09-15,47.35333251953125,47.93333435058594,47.35333251953125,47.793331146240234,46.601707458496094,1075050,WRB,0.003078151600667711,1.0027975513901595,,49.62106651306152,49.62999992370605,49.13535378907438,37.90480461578111
2021-09-16,47.99333190917969,48.29999923706055,47.68000030517578,48.11333465576172,46.91373062133789,1219200,WRB,0.006695568227758075,1.009511850814121,,49.56493324279785,49.56633338928223,49.03801863352079,40.95667008330617
2021-09-17,47.880001068115234,48.253334045410156,47.79999923706055,48.12666702270508,46.92673110961914,2505900,WRB,0.0002771033651844945,1.0097915899451753,,49.539866561889646,49.45366668701172,48.951223242014535,41.08658493020215
2021-09-20,47.880001068115234,47.90666580200195,47.133331298828125,47.746665954589844,46.55620574951172,1403400,WRB,-0.00789585258285097,1.0018184244115655,,49.486533203125,49.295000076293945,48.83650350035504,38.48722295615261
2021-09-21,48.073333740234375,48.233333587646484,47.72666549682617,47.813331604003906,46.6212043762207,1049700,WRB,0.0013962367440998324,1.0032172001066453,,49.42586647033691,49.15033321380615,48.73905855784541,39.21378680592611
2021-09-22,48.16666793823242,48.43333435058594,47.93333435058594,48.19333267211914,46.99173355102539,738000,WRB,0.007947596525221368,1.0111903656402552,,49.38866645812988,49.02933311462402,48.687084663966715,43.323211902647145
2021-09-23,48.61333465576172,49.03333282470703,48.5,48.599998474121094,47.38825988769531,809250,WRB,0.00843821706144876,1.0197230094359735,,49.355066452026364,48.91966648101807,48.678790741124274,47.41991755661493
2021-09-24,48.47999954223633,49.0533332824707,48.47999954223633,48.87333297729492,47.654781341552734,826800,WRB,0.005624166908551942,1.0254581018415323,,49.312933120727536,48.85933303833008,48.69731857314053,50.03415055878666
2021-09-27,49.20000076293945,49.540000915527344,48.96666717529297,48.98666763305664,47.765289306640625,591300,WRB,0.0023189467314286283,1.0278360845550147,,49.26959983825684,48.77066650390625,48.724875626465874,51.11935830623888
2021-09-28,48.87333297729492,49.099998474121094,48.29999923706055,48.380001068115234,47.17375183105469,981150,WRB,-0.012384319943657962,1.0151070336342487,,49.248133163452145,48.68399982452392,48.69203043043248,45.43126799975539
2021-09-29,48.37333297729492,49.19333267211914,48.20000076293945,48.973331451416016,47.75228500366211,829650,WRB,0.012263959698252558,1.027556265384152,,49.21626647949219,48.62233295440674,48.71882100385948,51.15562672929137
2021-09-30,49.32666778564453,49.526668548583984,48.779998779296875,48.78666687011719,47.570274353027344,1424850,WRB,-0.003811555713419401,1.023639677429967,,49.171999816894534,48.55599956512451,48.72528251493164,49.399891629515835
2021-10-01,48.98666763305664,50.00666809082031,48.2599983215332,49.61333465576172,48.3763313293457,923250,WRB,0.016944543226232955,1.0409847841922661,,49.1614665222168,48.524333000183105,48.80985890929641,56.517496842998995
2021-10-04,49.606666564941406,50.293331146240234,49.16666793823242,49.313331604003906,48.08380889892578,1027350,WRB,-0.006046822972883392,1.0346901334847902,,49.15026649475098,48.50833301544189,48.85780868974474,53.572378701838296
2021-10-05,49.459999084472656,50.46666717529297,49.17333221435547,50.18000030517578,48.92886734008789,665400,WRB,0.017574734315892515,1.0528745376800608,,49.1598664855957,48.57299976348877,48.983731700738176,60.0491421417668
2021-10-06,49.79999923706055,51.133331298828125,49.599998474121094,51.086666107177734,49.812931060791016,1053000,WRB,0.018068270157193256,1.071898159268494,,49.19133316040039,48.65333309173584,49.18401116801813,65.47527729102815
2021-10-07,51.313331604003906,52.28666687011719,51.313331604003906,51.63999938964844,50.35246658325195,1040700,WRB,0.010831266250763694,1.0835081736252345,,49.25159980773926,48.80033302307129,49.4179148081734,68.30461489571397
2021-10-08,51.573333740234375,52.00666809082031,51.34000015258789,51.43333435058594,50.15095138549805,877050,WRB,-0.004002034111253883,1.079171936954564,,49.29946647644043,48.98099975585937,49.609859526498404,66.12497378822346
2021-10-11,51.61333465576172,51.99333190917969,51.02000045776367,51.040000915527344,49.767425537109375,613350,WRB,-0.007647441878403383,1.0709190322899,,49.34466651916504,49.116999816894534,49.74606346831069,62.065552696780266
2021-10-12,51.040000915527344,51.58000183105469,50.91999816894531,50.973331451416016,49.702423095703125,684150,WRB,-0.0013062198847070272,1.0695201765550117,,49.393066482543944,49.2833330154419,49.86294613336834,61.37775553902768
2021-10-13,50.779998779296875,50.86000061035156,49.939998626708984,50.7400016784668,49.47490692138672,833100,WRB,-0.0045774872135169176,1.064624461622233,,49.44053314208984,49.430666542053224,49.94647523290153,58.91694680295835
2021-10-14,51.040000915527344,51.70000076293945,50.90666580200195,51.65999984741211,50.37196731567383,700500,WRB,0.018131614870161572,1.0839278223417204,,49.51439979553223,49.60799980163574,50.109668053331106,64.89355984629313
2021-10-15,52.099998474121094,52.21333312988281,51.81999969482422,51.85333251953125,50.56047821044922,652350,WRB,0.003742405588273101,1.0879843198813368,,49.58266647338867,49.79433307647705,50.27573133582636,66.01251936099858
2021-10-18,51.66666793823242,51.70000076293945,50.83333206176758,50.93333435058594,49.66341781616211,815100,WRB,-0.017742315184829938,1.0686809591618494,,49.62173316955566,49.95366649627685,50.338360194374886,56.743934725432744
2021-10-19,51.64666748046875,51.84000015258789,51.426666259765625,51.64666748046875,50.35896682739258,771900,WRB,0.014005231327931078,1.0836480832106663,,49.67519989013672,50.1453332901001,50.462960888288585,61.28311691432248
2021-10-20,51.413333892822266,52.38666534423828,51.413333892822266,52.31999969482422,51.01551055908203,687000,WRB,0.013037282891681379,1.097775909826512,,49.74666656494141,50.351666641235354,50.639821727006264,65.0150476194871
2021-10-21,52.233333587646484,52.84000015258789,52.0533332824707,52.59333419799805,51.28203582763672,780900,WRB,0.0052242833480151685,1.1035110022320709,,49.81146659851074,50.5513334274292,50.825870533767386,66.42966380072663
2021-10-22,53.70000076293945,55.15999984741211,53.2599983215332,54.84000015258789,53.472679138183594,2026500,WRB,0.04271769395969116,1.1506504475065726,,49.92373329162598,50.84966678619385,51.20816859270267,75.27812081210521
2021-10-25,55.060001373291016,55.17333221435547,54.380001068115234,54.62666702270508,53.26466751098633,1509150,WRB,-0.003890100825842957,1.1461743012504708,,50.02213325500488,51.13166675567627,51.53373987175052,73.30236031510408
2021-10-26,54.72666549682617,54.85333251953125,54.40666580200195,54.56666564941406,53.20616149902344,590550,WRB,-0.0010983897894791816,1.1449153551010138,,50.12133323669433,51.44099998474121,51.82258994581371,72.72422143335383
2021-10-27,54.6533317565918,54.81999969482422,53.49333190917969,53.50666809082031,52.1725959777832,1017900,WRB,-0.01942573448420215,1.1226745334059356,,50.195199966430664,51.667666816711424,51.982978340576246,63.23557909073306
2021-10-28,53.779998779296875,54.206668853759766,53.51333236694336,53.95333480834961,52.608123779296875,556800,WRB,0.008347870152765724,1.1320464746346253,,50.28653335571289,51.92600021362305,52.17063133750704,65.29068608451519
2021-10-29,54.0,54.03333282470703,52.87333297729492,53.06666564941406,51.743560791015625,900750,WRB,-0.01643400101374881,1.1134424217228691,,50.340266647338865,52.098666763305665,52.25596793864104,58.32127029015592
2021-11-01,53.18000030517578,53.393333435058594,52.83333206176758,53.37333297729492,52.04258346557617,697800,WRB,0.005778907043205939,1.1198769019759678,,50.38933334350586,52.301666831970216,52.36238365660808,59.91501041861282
2021-11-02,53.560001373291016,54.51333236694336,53.393333435058594,54.413333892822266,53.0566520690918,774150,WRB,0.019485403243783894,1.141698154994369,,50.46346664428711,52.51333351135254,52.55771225053324,64.82705860164005
2021-11-03,54.413333892822266,54.926666259765625,54.12666702270508,54.400001525878906,53.04365539550781,828900,WRB,-0.0002450202181990546,1.1414184158633147,,50.53919998168945,52.679000282287596,52.733168371994736,64.717571923817
2021-11-04,54.20000076293945,54.21333312988281,52.720001220703125,52.926666259765625,51.607051849365234,898500,WRB,-0.027083368102708505,1.1105049607472781,,50.58186668395996,52.743333625793454,52.75159674225863,53.88665558345648
2021-11-05,53.313331604003906,53.97999954223633,53.099998474121094,53.720001220703125,52.380611419677734,760500,WRB,0.014989324229185197,1.1271506796620376,,50.65466667175293,52.857666969299316,52.84382574020572,57.965940274823524
2021-11-08,54.19333267211914,54.45333480834961,53.83333206176758,54.279998779296875,52.926639556884766,756450,WRB,0.01042437724997547,1.138900523564401,,50.725066680908206,53.019666862487796,52.98060412488107,60.61448977557221
2021-11-09,54.060001373291016,54.36000061035156,53.64666748046875,54.21333312988281,52.86164093017578,673950,WRB,-0.0012281807463763172,1.1375017478693212,,50.807066650390624,53.181666946411134,53.09800688726219,60.12876561172283
2021-11-10,54.279998779296875,54.62666702270508,54.099998474121094,54.22666549682617,52.874637603759766,750750,WRB,0.00024592413293267334,1.1377814870003753,,50.88746658325195,53.356000137329104,53.20549818341114,60.19745883309619
2021-11-11,54.15999984741211,54.426666259765625,53.81999969482422,54.20000076293945,52.84864044189453,520350,WRB,-0.0004917273382462062,1.1372220087382667,,50.969199905395506,53.48300018310547,53.30021271479479,59.97490327897121
2021-11-12,54.15999984741211,54.43333435058594,53.6533317565918,54.1533317565918,52.80313491821289,869100,WRB,-0.0008610517655115446,1.136242801719864,,51.047333221435544,53.5980001449585,53.38146214734689,59.55986327878635
2021-11-15,54.29999923706055,54.473331451416016,53.720001220703125,53.893333435058594,52.549617767333984,968850,WRB,-0.004801150974456103,1.130787528485168,,51.13253326416016,53.746000099182126,53.43021179379562,57.18557439330056
2021-11-16,54.106666564941406,54.70000076293945,53.706668853759766,54.073333740234375,52.725128173828125,1171800,WRB,0.0033399363836472684,1.1345642868937302,,51.23626663208008,53.86733341217041,53.491461502980265,58.421344511476306
2021-11-17,53.893333435058594,54.56666564941406,53.09333419799805,54.439998626708984,53.0826530456543,1176150,WRB,0.006780881834215213,1.1422576332564773,,51.33546661376953,53.97333335876465,53.58179837190681,60.897258418228596
2021-11-18,54.61333465576172,54.900001525878906,54.09333419799805,54.586666107177734,53.22566604614258,758700,WRB,0.0026941124939117156,1.1453350038174996,,51.4531999206543,54.07299995422363,53.67750006098023,61.875219654182324
2021-11-19,54.439998626708984,54.439998626708984,53.49333190917969,53.526668548583984,52.19209289550781,663000,WRB,-0.019418616929498977,1.1230941821224214,,51.56733329772949,54.00733337402344,53.66313515503773,51.79329027338847
2021-11-22,53.7599983215332,55.560001373291016,53.45333480834961,55.00666809082031,53.635196685791016,1039050,WRB,0.02764976006106168,1.1541474667840808,,51.701066665649414,54.0263334274292,53.79109067273131,61.27979004167189
2021-11-23,55.62666702270508,56.619998931884766,55.62666702270508,56.33333206176758,54.92878341674805,1375500,WRB,0.024118239060705093,1.1819834712992865,,51.87479995727539,54.11466674804687,54.03320890025857,67.4611585229297
2021-11-24,56.2599983215332,56.35333251953125,55.11333465576172,55.66666793823242,54.27873992919922,1066200,WRB,-0.011834274649406229,1.1679955542688722,,52.03226669311523,54.22266674041748,54.18877642768465,62.09646814225784
2021-11-26,54.06666564941406,54.413333892822266,52.98666763305664,53.64666748046875,52.309104919433594,927900,WRB,-0.03628743254410449,1.1256119943815266,,52.14293334960937,54.207333374023435,54.13714700414028,49.30288333539906
2021-11-29,54.22666549682617,54.22666549682617,52.9466667175293,52.97999954223633,51.659053802490234,759300,WRB,-0.012427014939467296,1.1116239973113038,,52.24,54.20300006866455,54.026942483958955,45.938936853209775
2021-11-30,52.41999816894531,52.71333312988281,50.926666259765625,51.09333419799805,49.81943130493164,2497350,WRB,-0.03561089770743031,1.0720380688539262,,52.306933364868165,54.089000129699706,53.74755121862935,38.03067894507042
2021-12-01,51.9466667175293,52.48666763305664,50.439998626708984,50.473331451416016,49.21488571166992,966450,WRB,-0.012134709083172823,1.0590291987622973,,52.36013336181641,53.89200000762939,53.43572076460903,35.846775635853206
2021-12-02,50.913333892822266,52.900001525878906,50.633331298828125,52.56666564941406,51.25602722167969,1221900,WRB,0.041474064378195896,1.102951443930154,,52.447600021362305,53.800333213806155,53.352953610780936,46.92814083318106
2021-12-03,52.56666564941406,52.686668395996094,51.48666763305664,51.813331604003906,50.52147674560547,879600,WRB,-0.014331022066996102,1.0871450224483656,,52.51186668395996,53.744666481018065,53.20632294346884,43.983716413291795
2021-12-06,51.93333435058594,53.0,51.84000015258789,52.473331451416016,51.91990280151367,818850,WRB,0.012738031448282783,1.100993109933157,,52.583866653442385,53.68233299255371,53.13651422994,47.11444250278438
2021-12-07,52.686668395996094,53.43333435058594,52.68000030517578,53.18000030517578,52.619117736816406,948750,WRB,0.013467200084562148,1.115820404436351,,52.66773330688476,53.627333068847655,53.14065576091483,50.3162966094011
2021-12-08,53.099998474121094,53.64666748046875,52.913333892822266,53.266666412353516,52.704872131347656,595500,WRB,0.0016296748153514784,1.1176388288479164,,52.76546661376953,53.57999973297119,53.15265677533756,50.710424845696714
2021-12-09,53.473331451416016,53.53333282470703,52.473331451416016,53.186668395996094,52.62571716308594,943650,WRB,-0.0015018401140054483,1.1159603140217826,,52.84973335266113,53.52799987792969,53.15589597730504,50.31366822443872
2021-12-10,53.64666748046875,54.0,53.32666778564453,53.959999084472656,53.390892028808594,684600,WRB,0.014539934758063922,1.1321863041802478,,52.95319999694824,53.51599979400635,53.23247722560672,54.055873790407375
2021-12-13,53.88666534423828,54.11333465576172,53.206668853759766,53.746665954589844,53.1798095703125,754050,WRB,-0.003953542133105836,1.1277101579241458,,53.03586662292481,53.49566650390625,53.28144758074797,52.87282950671018
2021-12-14,53.893333435058594,54.900001525878906,53.5,54.31999969482422,53.74709701538086,1221000,WRB,0.010667335918450815,1.139739820997372,51.20416654586792,53.13599998474121,53.51699981689453,53.380357305898094,55.68013950795028
2021-12-15,54.5,54.69333267211914,53.98666763305664,54.4466667175293,53.8724250793457,834150,WRB,0.0023318671468466334,1.1423975428419086,51.238099880218506,53.22133331298828,53.53566646575928,53.4819105831963,56.29950374031266
2021-12-16,55.19333267211914,55.426666259765625,54.619998931884766,54.746665954589844,54.16926193237305,1145850,WRB,0.005509965166774045,1.1486921135095758,51.276233215332034,53.294533309936526,53.55099983215332,53.60236347570997,57.80356247054177
2021-12-17,54.599998474121094,54.619998931884766,53.560001373291016,53.599998474121094,53.03468704223633,2111400,WRB,-0.02094497373447113,1.1246327873631237,51.3010332107544,53.333733291625975,53.50166645050049,53.602138237463414,50.630672757809606
2021-12-20,53.060001373291016,53.186668395996094,51.900001525878906,52.5,51.9462890625,998400,WRB,-0.0205223601760397,1.1015526682350743,51.31459987640381,53.35506660461426,53.45033302307129,53.49717269103833,44.877499312569235
2021-12-21,53.0,53.64666748046875,52.586666107177734,53.026668548583984,52.4674072265625,1114500,WRB,0.010031781877790191,1.1126032043297063,51.3325998878479,53.39479995727539,53.35133304595947,53.45236277270934,47.928377473445536
2021-12-22,52.81999969482422,53.30666732788086,52.733333587646484,53.099998474121094,52.53995895385742,835800,WRB,0.0013828876590640249,1.114141809570409,51.344766540527345,53.437333297729495,53.18966636657715,53.41880426808189,48.35696179544108
2021-12-23,53.40666580200195,53.84000015258789,53.19333267211914,53.4466667175293,52.882972717285156,625200,WRB,0.006528592342185391,1.1214155872564788,51.358666534423826,53.49146659851074,53.078666305541994,53.42145783469593,50.433963538894766
2021-12-27,53.45333480834961,54.33333206176758,53.313331604003906,54.2400016784668,53.667938232421875,487950,WRB,0.014843488091228485,1.1380613061712384,51.37453321456909,53.54306663513184,53.10833301544189,53.49941439124554,54.90380569105302
2021-12-28,54.133331298828125,55.03333282470703,54.133331298828125,54.64666748046875,54.07032012939453,606300,WRB,0.007497525616106282,1.1465939499669566,51.39083322525025,53.59893333435058,53.19166641235351,53.608676590219176,57.04233123567377
2021-12-29,54.72666549682617,55.31999969482422,54.72666549682617,55.01333236694336,54.4331169128418,591150,WRB,0.006709739191427477,1.1542872963297035,51.41186655044556,53.68053329467774,53.38766632080078,53.742453330859576,58.93328481726379
2021-12-30,55.206668853759766,55.366668701171875,54.313331604003906,54.35333251953125,53.78007507324219,568050,WRB,-0.011997089051247745,1.140439208844912,51.43019987106323,53.73466659545898,53.58166637420654,53.80063230120926,54.2998998202451
2021-12-31,54.3466682434082,55.246665954589844,54.3466682434082,54.926666259765625,54.34736251831055,886200,WRB,0.010548272086690513,1.1524688719181382,51.45026653289795,53.786799926757816,53.69966640472412,53.90787363059558,57.430882970464644
2022-01-03,55.133331298828125,55.233333587646484,53.7400016784668,54.17333221435547,53.60197448730469,679650,WRB,-0.013715269771651495,1.13666245043635,51.474066524505616,53.81839988708496,53.8176664352417,53.933155400477474,52.35526721596102
2022-01-04,54.62666702270508,55.33333206176758,54.459999084472656,54.97999954223633,54.4001350402832,1028850,WRB,0.014890487531558971,1.1535879084821639,51.50473318099976,53.82119987487793,53.942999839782715,54.032854842549746,56.76184971897492
2022-01-05,55.366668701171875,55.393333435058594,54.35333251953125,54.366668701171875,53.79327392578125,847950,WRB,-0.011155526485468359,1.140719028015775,51.53269985198975,53.81599990844727,54.00233325958252,54.064646638609,52.765854111304236
2022-01-06,55.5,55.53333282470703,54.893333435058594,55.293331146240234,54.71016311645508,824550,WRB,0.017044679528955387,1.1601622182808855,51.56069984436035,53.83053321838379,54.10366649627686,54.18166421076435,57.62028113324323
2022-01-07,55.28666687011719,56.53333282470703,55.28666687011719,56.38666534423828,55.79196548461914,866250,WRB,0.01977334653805518,1.1831025078633122,51.59173316955567,53.888133163452146,54.26366634368897,54.39166431871425,62.5152763975238
2022-01-10,56.68000030517578,56.82666778564453,55.913333892822266,56.2599983215332,55.66663360595703,928800,WRB,-0.0022464003134744503,1.1804447860187757,51.62029983520508,53.93426643371582,54.37866630554199,54.569600890411294,61.62717656294129
2022-01-11,56.46666717529297,56.733333587646484,55.619998931884766,56.706668853759766,56.10859298706055,857100,WRB,0.007939398250134788,1.189816807287274,51.65086650848389,54.00706649780273,54.526666450500485,54.77313117263496,63.59138775795389
2022-01-12,56.66666793823242,57.11333465576172,56.34000015258789,57.00666809082031,56.405426025390625,811800,WRB,0.005290369600693845,1.196111377954941,51.681499843597415,54.07973320007324,54.660999870300294,54.9858489743669,64.8912499904267
2022-01-13,57.279998779296875,58.04666519165039,57.08000183105469,57.49333190917969,56.886959075927734,1049250,WRB,0.008536963037096834,1.2063225365767933,51.71779983520508,54.14133316040039,54.813333129882814,55.2246568729205,66.95247646900934
2022-01-14,56.82666778564453,57.186668395996094,56.41999816894531,57.060001373291016,56.458194732666016,828450,WRB,-0.007537057281237214,1.1972304145189667,51.748133182525635,54.19453315734863,54.92899990081787,55.3994515872415,63.38413947841913
2022-01-18,56.84000015258789,56.99333190917969,56.099998474121094,56.48666763305664,55.89091110229492,822300,WRB,-0.010047909681662692,1.1852007514457406,51.77319986343384,54.26573318481445,55.07333335876465,55.50299597255723,58.91046330404022
2022-01-19,56.64666748046875,56.733333587646484,54.99333190917969,55.02000045776367,54.43971252441406,667950,WRB,-0.02596483801842575,1.1544272059151355,51.788533191680905,54.29173316955566,55.199333381652835,55.45699639971975,49.32044034679148
2022-01-20,55.133331298828125,56.96666717529297,55.133331298828125,55.53333282470703,54.9476318359375,1139850,WRB,0.009329922985686245,1.1651979228389047,51.80426652908325,54.316799850463866,55.324666595458986,55.46426653543282,52.25031778629972
2022-01-21,55.560001373291016,56.16666793823242,54.926666259765625,55.026668548583984,54.446311950683594,1138350,WRB,-0.009123606496342473,1.1545671155005668,51.816799869537356,54.33306655883789,55.42100009918213,55.42259053668531,49.22540906696201
2022-01-24,54.56666564941406,55.7599983215332,53.34000015258789,55.573333740234375,54.98720932006836,1432950,WRB,0.009934550029459421,1.1660372202718758,51.82926652908325,54.359999923706056,55.527333450317386,55.436947032261415,52.425645483499004
2022-01-25,54.733333587646484,55.59333419799805,53.77333450317383,54.97999954223633,54.4001350402832,1529700,WRB,-0.010676598974095342,1.153587908482164,51.838999862670896,54.37559989929199,55.56433334350586,55.3934282236876,48.82839467927922
2022-01-26,55.0,55.78666687011719,54.12666702270508,54.90666580200195,54.32757568359375,1303800,WRB,-0.0013338257701882572,1.152049223201653,51.85113319396973,54.3906665802002,55.57733325958252,55.34706989781278,48.386478313910644
2022-01-27,55.30666732788086,56.400001525878906,54.16666793823242,54.22666549682617,53.654747009277344,1325850,WRB,-0.012384658497165302,1.137781487000376,51.85729986190796,54.397333221435545,55.53799991607666,55.240364716766436,44.37591891318354
2022-01-28,55.33333206176758,57.28666687011719,55.01333236694336,56.439998626708984,55.84473419189453,3494100,WRB,0.04081632365929555,1.1842215444273378,51.87479986190796,54.44466651916504,55.64233322143555,55.354615565332395,56.89854091781573
2022-01-31,55.8466682434082,56.619998931884766,55.72666549682617,56.33333206176758,55.739192962646484,3661500,WRB,-0.0018899108351666527,1.181983471299287,51.89009984970093,54.48253318786621,55.712666511535645,55.44782666023099,56.24140561897401
2022-02-01,56.09333419799805,57.540000915527344,56.09333419799805,57.19333267211914,56.59012222290039,2032050,WRB,0.015266283368585487,1.2000279659091262,51.906866512298585,54.534666519165036,55.86366653442383,55.61406532802986,60.229536919665605
2022-02-02,57.233333587646484,58.70000076293945,57.15999984741211,58.50666809082031,57.88960647583008,2327700,WRB,0.02296308603365227,1.2275843113330862,51.9304998588562,54.634266510009766,56.03999996185303,55.889551305438474,65.41362852700794
2022-02-03,59.08000183105469,59.586666107177734,58.69333267211914,59.293331146240234,58.667972564697266,1801950,WRB,0.013445699115847365,1.2440900406226056,51.95843317031861,54.71999977111816,56.286333084106445,56.21372081408626,68.09620520147894
2022-02-04,59.19333267211914,60.279998779296875,59.073333740234375,59.84000015258789,59.20887756347656,1753200,WRB,0.009219738472769468,1.2555602254337233,51.9894331741333,54.79013313293457,56.51366653442383,56.55908075108641,69.8464773365852
2022-02-07,60.01333236694336,61.00666809082031,59.87333297729492,60.540000915527344,59.901493072509766,1550850,WRB,0.011697873682394722,1.270247610351486,52.02093317031861,54.88759979248047,56.72133331298828,56.938216004842694,71.96722079693086
2022-02-08,60.88666534423828,62.01333236694336,60.599998474121094,61.866668701171875,61.21417236328125,1788750,WRB,0.021913904287772512,1.2980836949065002,52.06213317871094,55.05199981689453,57.00166683197021,57.40759245211214,75.48614595756158
2022-02-09,62.11333465576172,62.526668548583984,61.473331451416016,61.746665954589844,61.09543228149414,1452900,WRB,-0.0019396995038098996,1.2955658026075865,52.10229984283447,55.2273331451416,57.253666687011716,57.82083754758621,74.57424758581843
2022-02-10,61.400001525878906,62.060001373291016,60.7400016784668,61.293331146240234,60.646881103515625,1587900,WRB,-0.00734185079212224,1.2860539517934655,52.145799827575686,55.43133308410645,57.46799983978271,58.1515512236485,71.08087799619761
2022-02-11,60.97999954223633,61.28666687011719,59.79999923706055,59.97999954223633,59.3474006652832,1620150,WRB,-0.021426990170764548,1.258497686409314,52.1803331565857,55.62146644592285,57.592333221435545,58.3256891587521,62.0171389381534
2022-02-14,60.01333236694336,60.20000076293945,58.959999084472656,59.65999984741211,59.03077697753906,1604400,WRB,-0.005335106656659483,1.251783467025161,52.21289981842041,55.76333312988281,57.722333145141604,58.452766367195906,60.00928143006673
2022-02-15,60.27333450317383,60.81999969482422,59.746665954589844,60.073333740234375,59.43974685668945,954450,WRB,0.006928157792145839,1.2604560204063109,52.2448998260498,55.92853317260742,57.901666450500485,58.607106117009096,61.73267855479136
2022-02-16,59.779998779296875,60.77333450317383,59.779998779296875,60.633331298828125,59.99384307861328,1195050,WRB,0.009321899147719304,1.2722058643086742,52.278933143615724,56.09173316955567,58.18233299255371,58.800079943849006,63.996492678223824
2022-02-17,60.313331604003906,60.313331604003906,59.206668853759766,59.84000015258789,59.20887756347656,714150,WRB,-0.013084076517754673,1.2555602254337233,52.31016647338867,56.22493316650391,58.39766635894775,58.8991199637289,58.69870805986819
2022-02-18,59.6533317565918,60.439998626708984,59.540000915527344,60.313331604003906,59.677215576171875,995550,WRB,0.007909950705365265,1.2654916449245213,52.34216646194458,56.36586647033691,58.66199951171875,59.03380678661223,60.78459320219019
2022-02-22,60.32666778564453,61.026668548583984,59.67333221435547,60.293331146240234,59.65742492675781,1165500,WRB,-0.0003316092351686173,1.2650719962080357,52.37213312149048,56.5079997253418,58.897999382019044,59.15376148752918,60.6452189410352
2022-02-23,60.87333297729492,60.88666534423828,59.526668548583984,59.56666564941406,58.93842315673828,1115550,WRB,-0.012052170331469325,1.2498251330281644,52.40036645889282,56.620133056640626,59.12733268737793,59.19308569342298,55.6523321454088
2022-02-24,58.14666748046875,58.573333740234375,56.95333480834961,58.43333435058594,57.817047119140625,1369650,WRB,-0.019026267233060667,1.226045626052575,52.42889980316162,56.71386642456055,59.30366611480713,59.12072842267659,48.89156310871197
2022-02-25,58.81999969482422,60.86000061035156,58.81999969482422,60.793331146240234,60.15215301513672,831300,WRB,0.04038785090535635,1.2755629740007506,52.473566455841066,56.843333053588864,59.63199939727783,59.28002392015885,59.833930271378435
2022-02-28,59.099998474121094,60.46666717529297,59.040000915527344,60.20000076293945,59.56508255004883,1143300,WRB,-0.009759793913472259,1.2631137422508474,52.509833126068116,56.95839973449707,59.81999950408935,59.36764076232843,56.55551828054478
2022-03-01,59.8466682434082,60.106666564941406,58.33333206176758,58.78666687011719,58.16665267944336,913350,WRB,-0.023477306892201066,1.2334592332842678,52.53546646118164,57.03919975280762,59.94266624450684,59.312309915451166,49.585927088886336
2022-03-02,59.266666412353516,60.7400016784668,59.266666412353516,60.36000061035156,59.723392486572266,861150,WRB,0.026763445250442386,1.266470851942924,52.572566471099854,57.174399795532224,60.100999641418454,59.41208998163216,56.07528901800389
2022-03-03,60.526668548583984,61.073333740234375,59.866668701171875,60.246665954589844,59.61125564575195,978600,WRB,-0.001877645040021414,1.2640928692294418,52.61163312911987,57.32933311462402,60.18799953460693,59.491573407628124,55.52087643111284
2022-03-04,59.186668395996094,60.073333740234375,58.69333267211914,60.060001373291016,59.42655563354492,957750,WRB,-0.0030983387767802295,1.2601762812752568,52.649399795532226,57.46999977111816,60.22633304595947,59.54570940435792,54.56400914284413
2022-03-07,59.400001525878906,59.880001068115234,58.87333297729492,59.266666412353516,58.64158630371094,988650,WRB,-0.01320904000662082,1.2435305623604973,52.684066467285156,57.593333129882815,60.19766635894776,59.519133881309884,50.57461167341568
2022-03-08,59.64666748046875,61.2400016784668,59.02000045776367,59.48666763305664,58.94546890258789,1369950,WRB,0.003712056608219605,1.2481466182020307,52.720299797058104,57.71413314819336,60.14499969482422,59.51604185766672,51.630756581929326
2022-03-09,61.02000045776367,61.70000076293945,60.31999969482422,61.119998931884766,60.563941955566406,1815150,WRB,0.027457098604065866,1.282417102970335,52.76509979248047,57.85173309326172,60.107666206359866,59.66879967425891,58.68867204604542
2022-03-10,60.47999954223633,62.06666564941406,60.41999816894531,61.87333297729492,61.310420989990234,1107600,WRB,0.01232549179606024,1.2982235244521232,52.818433113098145,57.99626640319824,60.11399955749512,59.87875522692901,61.480482867458576
2022-03-11,62.1533317565918,63.5,62.13999938964844,62.93333435058594,62.36077880859375,1303800,WRB,0.01713179688703681,1.32046442618701,52.87783311843872,58.1546664428711,60.195999717712404,60.16966752442014,65.05864555562732
2022-03-14,63.68000030517578,64.3066635131836,62.13999938964844,62.45333480834961,61.88514709472656,1420800,WRB,-0.007627111246996221,1.3103930971107807,52.93209980010986,58.31666648864746,60.31966648101807,60.38715964669914,62.23920859447767
2022-03-15,63.13999938964844,63.59333419799805,62.540000915527344,63.33333206176758,62.757137298583984,1605000,WRB,0.014090476611351654,1.3288571603972967,52.988799800872805,58.4847998046875,60.50333309173584,60.667747495753275,65.21545494387378
2022-03-16,63.733333587646484,63.766666412353516,61.866668701171875,62.69333267211914,62.12295913696289,1653150,WRB,-0.010105253723651564,1.3154287216289908,53.043266468048095,58.65519981384277,60.63433303833008,60.86066036969288,61.423647154511315
2022-03-17,62.253334045410156,63.5,61.900001525878906,63.49333190917969,62.915679931640625,1206300,WRB,0.012760515400329409,1.332214270089373,53.10423313140869,58.82546646118164,60.77733306884765,61.11139099250115,64.22381766608967
2022-03-18,63.459999084472656,64.0999984741211,62.5533332824707,64.0,63.41773986816406,2100450,WRB,0.007979863012151256,1.3428451574675193,53.16673313140869,59.018133087158205,60.98533306121826,61.386496612262945,65.91149690394762
2022-03-21,64.83333587646484,65.41999816894531,64.17333221435547,65.3133316040039,64.71912384033203,1010700,WRB,0.020520806312561035,1.3704014228516708,53.23563312530518,59.21853309631348,61.23533306121826,61.760480897190654,69.8780600740883
2022-03-22,65.71333312988281,66.32666778564453,65.17333221435547,65.88666534423828,65.28723907470703,1216650,WRB,0.008778203869778123,1.3824310859248967,53.312766456604,59.40853309631348,61.51499977111816,62.15345084452852,71.44040280359873
2022-03-23,65.74666595458984,66.45333099365234,65.23999786376953,65.30000305175781,64.70591735839844,939600,WRB,-0.008904112682214693,1.370121763760425,53.386299800872806,59.58933319091797,61.80166664123535,62.453122483312264,67.57794530489298
2022-03-24,64.63999938964844,65.79000091552734,64.5,65.33999633789062,64.74554443359375,1411200,WRB,0.0006124545829058192,1.370960901113779,53.461499786376955,59.76199974060059,62.146999740600585,62.728062850414965,67.70612627688367
2022-03-25,65.5199966430664,66.12000274658203,65.33000183105469,65.9800033569336,65.37973022460938,1258700,WRB,0.009795026858179234,1.3843894999617021,53.54023313522339,59.94146644592285,62.40633335113525,63.037771470083406,69.76609044428984
2022-03-28,66.0,66.33999633789062,65.66999816894531,66.26000213623047,65.65718078613281,973400,WRB,0.00424369149819781,1.390264421912884,53.6183664894104,60.11679985046387,62.709333419799805,63.34465058114503,70.64821542094509
2022-03-29,66.61000061035156,67.0,66.06999969482422,66.75,66.1427230834961,1947200,WRB,0.007395077693509444,1.4005455353274516,53.7006498336792,60.31059982299805,63.107500076293945,63.66896957341693,72.1780554563246
2022-03-30,66.86000061035156,67.12999725341797,66.5,67.08000183105469,66.46971893310547,1329300,WRB,0.00494384765625,1.4074696190897515,53.78254983901977,60.52246650695801,63.4435001373291,63.99382978843005,73.19147950045944
2022-03-31,67.0,67.52999877929688,66.37000274658203,66.58999633789062,65.98417663574219,2608600,WRB,-0.007304792483431521,1.3971883455955665,53.86169982910156,60.75386642456055,63.76066665649414,64.24108374552154,69.16295029422109
2022-04-01,66.91999816894531,67.58000183105469,66.69000244140625,67.30999755859375,66.69762420654297,1065200,WRB,0.010812453225702123,1.4122953792298147,53.94868314743042,60.98939971923828,64.12316646575928,64.53336125152842,71.6335790992275
2022-04-04,67.16000366210938,67.16000366210938,65.55999755859375,65.95999908447266,65.35990905761719,1306100,WRB,-0.020056433265294826,1.3839697712054078,54.03601648330689,61.208066329956054,64.45783309936523,64.66923152133263,61.65857878371435
2022-04-05,65.91000366210938,67.0199966430664,65.91000366210938,66.41999816894531,65.81571960449219,1408900,WRB,0.006973909806814227,1.3936214515651515,54.120283145904544,61.42499961853027,64.80449962615967,64.83597120205765,63.52250879825397
2022-04-06,66.4000015258789,67.31999969482422,66.30999755859375,66.80000305175781,66.19226837158203,1088000,WRB,0.005721241994706583,1.40159469713857,54.20681650161743,61.66139968872071,65.08849983215332,65.02302185441005,65.03472950388263
2022-04-07,66.8499984741211,67.52999877929688,66.37000274658203,67.2699966430664,66.65798950195312,1067700,WRB,0.007035831883786425,1.4114560817968436,54.29773315429688,61.90866630554199,65.3583330154419,65.2370194533297,66.86439846343963
2022-04-08,67.81999969482422,68.16000366210938,67.31999969482422,67.69999694824219,67.08407592773438,1245000,WRB,0.006392155888714557,1.4204783291017633,54.3897998046875,62.178132934570314,65.5966661453247,65.47158873855946,68.48904434368019
2022-04-11,67.75,68.47000122070312,67.33000183105469,67.45999908447266,66.84626007080078,1035700,WRB,-0.0035450203041074158,1.415442704583553,54.47813314437866,62.398532943725584,65.84699935913086,65.66096115245595,66.52842013642977
2022-04-12,67.66000366210938,68.94000244140625,67.45999908447266,68.5199966430664,67.89661407470703,1628200,WRB,0.015712979142890715,1.4376835262786312,54.573499794006345,62.64226623535156,66.1063325881958,65.9332502467998,70.5397782709556
2022-04-13,68.2300033569336,68.87999725341797,67.52999877929688,68.33000183105469,67.7083511352539,1364700,WRB,-0.002772837438995146,1.4336970635715391,54.66784980773926,62.86499961853028,66.38816604614257,66.16151230244313,68.94485911176581
2022-04-14,68.31999969482422,68.63999938964844,67.87999725341797,68.22000122070312,67.59934997558594,5454600,WRB,-0.0016098435153497626,1.4313890356507726,54.76084981918335,63.05926628112793,66.62449951171875,66.35755886608693,67.98641942165976
2022-04-18,67.69999694824219,69.44999694824219,67.61000061035156,69.43000030517578,68.79833984375,1788900,WRB,0.017736720357979907,1.4567771826995888,54.854799823760985,63.26199966430664,66.89599952697753,66.65017233647634,72.51295184078693
2022-04-19,69.45999908447266,69.68000030517578,68.63999938964844,69.19999694824219,68.57042694091797,1705800,WRB,-0.0033127373746597577,1.4519512624799082,54.947566471099854,63.44919960021973,67.09033279418945,66.89301277569214,70.47314586771924
2022-04-20,69.62999725341797,71.2699966430664,69.44000244140625,71.05000305175781,70.40360260009766,1318000,WRB,0.0267341934263281,1.4907680083766475,55.05008316040039,63.65939964294434,67.34849967956544,67.28891661150791,76.25823384103234
2022-04-21,71.23999786376953,71.52999877929688,69.33999633789062,69.5199966430664,68.88751983642578,1846600,WRB,-0.021534220168531792,1.4586654818640612,55.143083152771,63.81246620178223,67.55949935913085,67.5014004240373,64.92820628116564
2022-04-22,69.37000274658203,69.37000274658203,67.91000366210938,67.97000122070312,67.35162353515625,1302100,WRB,-0.02229567746272132,1.426143546754415,55.23603315353394,63.93693290710449,67.69099960327148,67.54602907133881,55.87174906614486
2022-04-25,67.66000366210938,68.0,66.54000091552734,67.9000015258789,67.28225708007812,2557200,WRB,-0.0010298616090490542,1.4246748162666196,55.32346649169922,64.06906631469727,67.78699951171875,67.57974073367596,55.49527819248744
2022-04-26,68.30000305175781,69.54000091552734,66.93000030517578,67.29000091552734,66.67781066894531,2160400,WRB,-0.008983808492538436,1.411875810553138,55.40568315505981,64.21526634216309,67.8384994506836,67.55214646528086,52.19474073659488
2022-04-27,67.58999633789062,69.06999969482422,67.0999984741211,68.1500015258789,67.52998352050781,2211100,WRB,0.012780511200039424,1.429920305162977,55.49616649627686,64.38506637573242,67.90849952697754,67.60908504248067,56.15398197400011
2022-04-28,68.56999969482422,68.88999938964844,67.70999908447266,68.75,68.12452697753906,1666100,WRB,0.00880408599687632,1.4425094464983115,55.58851650238037,64.55859970092773,67.9919994354248,67.71774360986346,58.722517395316196
2022-04-29,68.51000213623047,68.58000183105469,66.25,66.48999786376953,65.88508605957031,2802900,WRB,-0.03287275834517045,1.3950901820529469,55.66606649398804,64.67573303222656,67.98699951171875,67.6008154435688,47.447606936690875
2022-05-02,67.0199966430664,67.31999969482422,65.0999984741211,66.19000244140625,65.58781433105469,2172000,WRB,-0.00451188798318114,1.3887956914250883,55.74124984741211,64.80273307800293,67.93099975585938,67.46645230050571,46.180090279102245
2022-05-03,66.66000366210938,67.73999786376953,66.04000091552734,67.26000213623047,66.64808654785156,1566500,WRB,0.016165578718197127,1.4112463774983135,55.83028318405152,64.94166648864746,67.99599990844726,67.44679038009855,51.18866081826031
2022-05-04,67.44000244140625,69.2300033569336,67.27999877929688,69.01000213623047,68.38216400146484,1594900,WRB,0.026018435093943193,1.4479647997728158,55.922499866485595,65.11599990844726,68.12550010681153,67.59566769020635,58.062677847487564
2022-05-05,68.47000122070312,69.0199966430664,67.20999908447266,68.05999755859375,67.44080352783203,1123400,WRB,-0.013766186758860655,1.428031845918887,56.007799854278566,65.28586654663086,68.18849983215333,67.63988958243372,53.64596396018663
2022-05-06,67.83999633789062,69.05000305175781,67.29000091552734,68.77999877929688,68.15425109863281,1270600,WRB,0.010578919284903954,1.4431388795531352,56.10099985122681,65.49279983520508,68.26399993896484,67.7484714107064,56.355670439663186
2022-05-09,68.41000366210938,68.58999633789062,67.08000183105469,67.2300033569336,66.61835479736328,1863500,WRB,-0.02253555466520074,1.410616944443489,56.187783203125,65.62153327941894,68.24050025939941,67.69909350082328,49.6296555697171
2022-05-10,67.58000183105469,68.20999908447266,65.79000091552734,66.3499984741211,65.7463607788086,2261000,WRB,-0.013089466590391674,1.3921527210773557,56.27103319168091,65.74453323364258,68.18500022888183,67.57060826018498,46.25435696581254
2022-05-11,66.44999694824219,67.9000015258789,66.27999877929688,66.66000366210938,66.05354309082031,1563500,WRB,0.0046722712150353285,1.3986572361629785,56.35676654815674,65.90199996948242,68.09200057983398,67.48388401274921,47.60617916070501
2022-05-12,66.58999633789062,67.05000305175781,65.5,66.3499984741211,65.7463607788086,1895400,WRB,-0.004650542618624187,1.3921527210773554,56.44538320541382,66.02179992675781,67.99300041198731,67.37589491383225,46.350678097541156
2022-05-13,66.80000305175781,67.4000015258789,66.33999633789062,67.33000183105469,66.71744537353516,1802500,WRB,0.014770209185699157,1.4127151079861082,56.53683320999146,66.16346664428711,67.94850044250488,67.37152414404392,50.77066527819779
2022-05-16,67.48999786376953,68.33000183105469,67.19000244140625,67.62999725341797,67.01470947265625,1674500,WRB,0.004455598012844675,1.4190095986139668,56.63108320236206,66.31486656188964,67.85850028991699,67.39614063065098,52.07237581915193
2022-05-17,68.43000030517578,69.37000274658203,67.87000274658203,69.08000183105469,68.45152282714844,1728300,WRB,0.02144025782232961,1.4494335302606107,56.73371654510498,66.51113327026367,67.85250053405761,67.55650836402276,57.870836536715395
2022-05-18,68.79000091552734,68.97000122070312,67.73999786376953,67.91000366210938,67.29216766357422,1296600,WRB,-0.016936857816053807,1.424884680644766,56.83143321990967,66.67959999084472,67.6955005645752,67.59017458288815,52.36562969852891
2022-05-19,67.1500015258789,67.58000183105469,65.12000274658203,66.29000091552734,65.68690490722656,1747100,WRB,-0.023855141499365295,1.390893854967707,56.92304988861084,66.78300003051758,67.53400077819825,67.46634851932998,45.8603431340555
2022-05-20,66.55000305175781,67.05000305175781,65.52999877929688,66.4800033569336,65.87518310546875,4058600,WRB,0.0028662307856710534,1.3948804777544161,57.01324991226196,66.87513343811035,67.45950088500976,67.37241088481605,46.69672026213944
2022-05-23,67.33000183105469,68.44000244140625,66.75,67.83999633789062,67.2228012084961,1547100,WRB,0.02045717377081324,1.4234157900773532,57.107549896240236,66.97326667785644,67.45650062561035,67.41694283272791,52.368776816224695
2022-05-24,67.95999908447266,68.9000015258789,66.83999633789062,68.76000213623047,68.13443756103516,1468200,WRB,0.013561406957594224,1.4427193108764578,57.20648324966431,67.09940002441407,67.53000068664551,67.5448532425853,55.79559271492738
2022-05-25,68.22000122070312,69.2699966430664,68.22000122070312,69.01000213623047,68.38216400146484,1228600,WRB,0.003635834674709404,1.4479647997728153,57.30779993057251,67.21293342590332,67.57300071716308,67.68439123245628,56.70707882904764
2022-05-26,69.58000183105469,70.43000030517578,69.33999633789062,70.11000061035156,69.47215270996094,1103900,WRB,0.0159396962769196,1.4710449189008648,57.411583271026615,67.36126678466798,67.64100074768066,67.91540164939869,60.56054982395679
2022-05-27,70.19999694824219,70.80999755859375,69.98999786376953,70.80000305175781,70.15587615966797,1203700,WRB,0.009841712100974842,1.485522519480289,57.51944995880127,67.50740020751954,67.85650100708008,68.19012559248051,62.797472043973215
2022-05-31,70.33999633789062,71.41000366210938,69.79000091552734,71.12999725341797,70.48287200927734,1709900,WRB,0.004660934850792442,1.4924464431629716,57.62656660079956,67.6500001525879,68.10350074768067,68.47011336971265,63.85338479056208
2022-06-01,71.05000305175781,71.58000183105469,69.27999877929688,70.66999816894531,70.02705383300781,1283100,WRB,-0.006467019573103583,1.4827947628032279,57.73188325881958,67.75713348388672,68.27400054931641,68.67962620773481,61.243905812680225
2022-06-02,70.79000091552734,70.94000244140625,70.08000183105469,70.9000015258789,70.25496673583984,1343900,WRB,0.0032546110498510306,1.4876206830229084,57.83731660842896,67.85740020751953,68.36850051879883,68.89109052374853,62.07839079983616
2022-06-03,70.58999633789062,70.88999938964844,70.41999816894531,70.61000061035156,69.96760559082031,1001100,WRB,-0.004090280807984015,1.4815358966935797,57.94343328475952,67.9636001586914,68.49600067138672,69.05479624628215,60.314979626118024
2022-06-06,71.19999694824219,71.80000305175781,70.6500015258789,71.55999755859375,70.9089584350586,775900,WRB,0.013454141623430615,1.5014686904678913,58.049333267211914,68.08800018310546,68.63500061035157,69.29338684745468,63.92966754431069
2022-06-07,71.25,72.31999969482422,71.0199966430664,72.2699966430664,71.61249542236328,944000,WRB,0.009921731535713185,1.5163658597239926,58.156083259582516,68.21380004882812,68.8870002746582,69.5768734946558,66.39337618374451
2022-06-08,71.86000061035156,71.86000061035156,70.94000244140625,71.0199966430664,70.37387084960938,711300,WRB,-0.01729625097637144,1.4901384152422052,58.25764989852905,68.30899993896485,69.12050018310546,69.71431379450443,58.7811111540891
2022-06-09,71.04000091552734,71.2300033569336,69.62999725341797,69.6500015258789,69.01634216308594,781500,WRB,-0.019290272908246475,1.4613932385411212,58.35283323287964,68.36699996948242,69.27000007629394,69.7081888165401,51.774631674802215
2022-06-10,68.62000274658203,69.05999755859375,67.88999938964844,68.26000213623047,67.63898468017578,858000,WRB,-0.019956918294279924,1.4322283330837429,58.44016658782959,68.39059997558594,69.36550025939941,69.57026627555823,45.80855380202953
2022-06-13,67.0999984741211,67.58999633789062,65.94000244140625,66.30000305175781,65.69681549072266,1189400,WRB,-0.02871372726536059,1.3911037193458542,58.521266593933106,68.38480010986328,69.31400032043457,69.25881263519628,38.98654077269734
2022-06-14,66.47000122070312,67.41999816894531,66.1500015258789,66.73999786376953,66.1328125,1319800,WRB,0.006636422198476044,1.4003356709493036,58.60116659164429,68.3734001159668,69.26950035095214,69.01892551410802,41.106887298161695
2022-06-15,67.31999969482422,68.33000183105469,66.38999938964844,67.01000213623047,66.40036010742188,1311700,WRB,0.004045614041104262,1.4060008886019553,58.68564992904663,68.39440017700196,69.16600036621094,68.82759947811968,42.42907218000825
2022-06-16,66.05999755859375,66.66000366210938,65.36000061035156,66.30000305175781,65.69681549072266,1621000,WRB,-0.01059541951706311,1.391103719345854,58.76611660003662,68.3920002746582,69.08550033569335,68.58687600894235,39.89281001776423
2022-06-17,66.44000244140625,67.23999786376953,65.77999877929688,66.81999969482422,66.21208190917969,2983400,WRB,0.00784308626140584,1.402014265815246,58.84964992523194,68.39240020751953,69.1120002746582,68.41860207426444,42.59911436711845
2022-06-21,68.0199966430664,68.0199966430664,66.83000183105469,67.52999877929688,66.9156265258789,1550100,WRB,0.010625547556350146,1.4169114350713472,58.93606658935547,68.39760025024414,69.16450004577636,68.33397318902944,46.16337896346408
2022-06-22,66.68000030517578,67.4800033569336,66.29000091552734,66.93000030517578,66.32108306884766,1367300,WRB,-0.008884917591691743,1.4043222937360127,59.02254993438721,68.38220031738281,69.11900024414062,68.20026148580529,43.694202108463614
2022-06-23,67.25,67.83000183105469,65.62000274658203,65.94999694824219,65.3499984741211,1410000,WRB,-0.014642213543480387,1.38375990682726,59.10786659240723,68.35200027465821,68.9784999847412,67.98595057746594,39.93678183548725
2022-06-24,65.80000305175781,68.13999938964844,65.45999908447266,68.02999877929688,68.02999877929688,2369200,WRB,0.031539073954576224,1.4274024128640623,59.20061658859253,68.34220031738282,68.92949981689453,67.99014564430698,49.80326289228349
2022-06-27,68.13999938964844,69.29000091552734,67.87999725341797,69.19000244140625,69.19000244140625,1299000,WRB,0.017051355033426585,1.4517415581813773,59.30306659698486,68.35940032958985,68.88349990844726,68.10441772022119,54.31087801445484
2022-06-28,69.70999908447266,70.41999816894531,68.79000091552734,69.08999633789062,69.08999633789062,1265600,WRB,-0.0014453837257819568,1.4496432345591406,59.409416580200194,68.3768002319336,68.79799957275391,68.19828235047542,53.86181821456568
2022-06-29,69.29000091552734,69.55999755859375,67.26000213623047,67.38999938964844,67.38999938964844,1288200,WRB,-0.024605544049072003,1.4139739740957564,59.504766578674314,68.33600021362305,68.61099967956542,68.12130302087286,46.780862220461465
2022-06-30,66.73999786376953,68.5199966430664,66.30000305175781,68.26000213623047,68.26000213623047,1459400,WRB,0.012909968162363228,1.4322283330837429,59.607833251953124,68.31720031738281,68.4904998779297,68.13451246043073,50.37634180900046
2022-07-01,68.5199966430664,69.5199966430664,67.6500015258789,69.36000061035156,69.36000061035156,1022100,WRB,0.016114832108058863,1.4553084522117923,59.71566659927368,68.28340026855469,68.41349983215332,68.25122561756605,54.55671323757317
2022-07-05,68.55000305175781,69.30999755859375,67.12000274658203,67.80999755859375,67.80999755859375,1332400,WRB,-0.022347217965947963,1.422786357022529,59.814149913787844,68.24920028686523,68.27349967956543,68.20920389766393,48.37293777497346
2022-07-06,67.9000015258789,68.4800033569336,67.1500015258789,67.97000122070312,67.97000122070312,1520500,WRB,0.002359588082437414,1.426143546754414,59.91336658477783,68.24920028686523,68.0939998626709,68.18642269033433,49.01536929966513
2022-07-07,68.33000183105469,68.94000244140625,67.52999877929688,67.55000305175781,67.55000305175781,1425400,WRB,-0.006179169654294214,1.4173311638276416,60.01238327026367,68.24220031738281,67.85800018310547,68.12581129618418,47.34977395266441
2022-07-08,67.8499984741211,68.56999969482422,67.27999877929688,67.30999755859375,67.30999755859375,1113500,WRB,-0.0035530049196321745,1.412295379229814,60.10986660003662,68.24260025024414,67.67250022888183,68.048114749747,46.37987768753902
2022-07-11,67.0999984741211,67.79000091552734,66.80000305175781,67.27999877929688,67.27999877929688,1175700,WRB,-0.00044568088523200267,1.4116659461749899,60.20529993057251,68.2252001953125,67.55400009155274,67.97496084779937,46.25234889306391
2022-07-12,66.61000061035156,67.44999694824219,65.80000305175781,65.9800033569336,65.9800033569336,1099200,WRB,-0.019322167745985608,1.3843894999617012,60.29219995498657,68.16980026245118,67.44000015258788,67.78496489628834,40.992148812791946
2022-07-13,65.52999877929688,66.4000015258789,65.51000213623047,65.62000274658203,65.62000274658203,1139300,WRB,-0.005456207821088688,1.3768359831445771,60.37593330383301,68.15240036010742,67.4060001373291,67.57877802488774,39.64743560540958
2022-07-14,64.2300033569336,64.62000274658203,61.70000076293945,62.220001220703125,62.220001220703125,1673000,WRB,-0.05181349258715173,1.3054973021381917,60.44209997177124,68.07300033569337,67.18000030517578,67.06841832925112,29.728543328647227
2022-07-15,63.150001525878906,63.5,62.40999984741211,63.029998779296875,63.029998779296875,1241800,WRB,0.01301828258923643,1.3224926349369124,60.51534996032715,67.98840026855468,66.9810001373291,66.68380694354119,33.9669141004554
2022-07-18,63.279998779296875,63.63999938964844,62.040000915527344,62.209999084472656,62.209999084472656,1424800,WRB,-0.01300967334134806,1.3052874377600445,60.58153329849243,67.85240020751954,66.77649993896485,66.25773000458227,31.871195316993678
2022-07-19,62.65999984741211,64.05999755859375,62.5099983215332,63.95000076293945,63.95000076293945,1318400,WRB,0.02796980717045372,1.3417960756962086,60.65734996795654,67.77020027160644,66.6329999923706,66.03794626728296,40.28990163098454
2022-07-20,63.77000045776367,64.0999984741211,63.290000915527344,63.66999816894531,63.66999816894531,1422200,WRB,-0.0043784611517379,1.3359210737052185,60.72763328552246,67.66800025939942,66.43999996185303,65.81242740077461,39.44519525715454
2022-07-21,63.41999816894531,64.44999694824219,62.459999084472656,64.37999725341797,64.37999725341797,1579100,WRB,0.011151234567161605,1.3508182429613198,60.802966613769534,67.6110001373291,66.31249980926513,65.67600548197873,42.72433640653344
2022-07-22,63.43000030517578,64.19000244140625,62.2400016784668,62.650001525878906,62.650001525878906,1758900,WRB,-0.026871634068720285,1.3145195494431114,60.86531661987305,67.53700019836425,66.14750003814697,65.38781462901684,37.408691670734605
2022-07-25,63.459999084472656,64.5199966430664,63.380001068115234,63.72999954223633,63.72999954223633,1353000,WRB,0.017238595212345054,1.3371800198546755,60.92853328704834,67.47840011596679,65.93250007629395,65.22992747789489,42.24005812844698
2022-07-26,63.97999954223633,64.20999908447266,63.27000045776367,63.54999923706055,63.54999923706055,1161600,WRB,-0.0028244203117636646,1.3334032614461133,60.9880832862854,67.42240013122559,65.65049991607665,65.06993431210114,41.66284022844605
2022-07-27,63.599998474121094,64.05999755859375,62.83000183105469,63.650001525878906,63.650001525878906,1462400,WRB,0.0015736001576540648,1.3355015050285413,61.04916662216186,67.34880012512207,65.37850017547608,64.93470261817521,42.135932252110116
2022-07-28,63.68000030517578,63.810001373291016,61.130001068115234,61.79999923706055,61.79999923706055,1490000,WRB,-0.02906523557687868,1.2966848391716106,61.10296661376953,67.23220016479492,65.09900016784668,64.63615943902143,36.27513856085253
2022-07-29,62.0,62.880001068115234,62.0,62.529998779296875,62.529998779296875,2121700,WRB,0.011812290473274922,1.3120016571441975,61.160749950408935,67.10120010375977,64.8125,64.43557270952385,39.83151642425548
2022-08-01,61.970001220703125,62.150001525878906,60.939998626708984,61.41999816894531,61.41999816894531,1550300,WRB,-0.017751489397422993,1.2887116736380009,61.214149932861325,66.97139999389648,64.41549987792969,64.14837513423066,36.496235764454504
2022-08-02,61.4900016784668,61.869998931884766,61.04999923706055,61.11000061035156,61.11000061035156,1101600,WRB,-0.005047176291686828,1.282207318631995,61.26139993667603,66.86779998779296,64.08050003051758,63.85900613195646,35.599691939676106
2022-08-03,61.5,62.209999084472656,60.88999938964844,62.13999938964844,62.13999938964844,1795600,WRB,0.016854831762551203,1.3038187072722494,61.31283327102661,66.78099990844727,63.78899993896484,63.6952912041176,40.80307410716369
2022-08-04,61.959999084472656,62.25,61.11000061035156,61.18000030517578,61.18000030517578,1310600,WRB,-0.015448971578724824,1.2836760491197907,61.36406660079956,66.64779998779296,63.47049980163574,63.45573968993266,37.74221097981968
2022-08-05,61.2400016784668,61.970001220703125,61.2400016784668,61.83000183105469,61.83000183105469,972500,WRB,0.010624411942409262,1.2973143522662438,61.41498327255249,66.50919998168945,63.19650001525879,63.300907512896664,40.9710354179192
2022-08-08,62.0,62.40999984741211,61.83000183105469,62.04999923706055,62.04999923706055,1094100,WRB,0.0035581012371144194,1.3019303280679686,61.46363327026367,66.36999992370606,62.935000038146974,63.18177339138846,42.066178297866195
2022-08-09,62.33000183105469,63.11000061035156,62.119998931884766,62.97999954223633,62.97999954223633,1154600,WRB,0.01498791807591715,1.3214435531656032,61.51556659698486,66.22739990234375,62.78499984741211,63.16255683432635,46.57823037056967
2022-08-10,63.27000045776367,64.13999938964844,63.27000045776367,64.08999633789062,64.08999633789062,998300,WRB,0.017624591993048444,1.3447334566319913,61.56181657791138,66.09319976806641,62.70849952697754,63.25088440609438,51.439486589884794
2022-08-11,64.48999786376953,65.37999725341797,64.33000183105469,65.23999786376953,65.23999786376953,1262400,WRB,0.0179435417629914,1.3688627375711593,61.614883232116696,65.97539978027343,62.85949935913086,63.44032378301582,55.91537048010837
2022-08-12,65.30999755859375,65.94000244140625,65.23999786376953,65.93000030517578,65.93000030517578,743300,WRB,0.010576371305944354,1.3833403381505833,61.671699905395506,65.88059982299805,63.004499435424805,63.67743583274534,58.393336393195895
2022-08-15,65.29000091552734,66.5,65.05999755859375,66.27999877929688,66.27999877929688,711800,WRB,0.005308637532246641,1.3906839905895603,61.73556655883789,65.7881997680664,63.20799942016602,63.92529897051215,59.63280882286489
2022-08-16,66.27999877929688,66.87000274658203,66.16999816894531,66.5999984741211,66.5999984741211,933700,WRB,0.004827997898578351,1.3973982099737132,61.79879987716675,65.7079997253418,63.340499305725096,64.18003225657014,60.78311942230907
2022-08-17,66.29000091552734,68.0999984741211,66.26000213623047,68.05000305175781,68.05000305175781,1348700,WRB,0.021771841003872527,1.427822141620357,61.873716564178466,65.63779983520507,63.55949954986572,64.54860090373087,65.57073076764048
2022-08-18,68.08999633789062,68.48999786376953,67.58000183105469,68.08999633789062,68.08999633789062,621200,WRB,0.0005877043988138375,1.428661278973711,61.94729988098145,65.55419982910156,63.74499950408936,64.88587665936514,65.69512609561916
2022-08-19,68.04000091552734,68.19000244140625,67.43000030517578,67.58999633789062,67.58999633789062,998800,WRB,-0.007343222600847188,1.418170301180996,62.013183193206785,65.48559982299804,63.99199924468994,65.14341186684375,62.64759419853314
2022-08-22,67.01000213623047,67.01000213623047,65.58000183105469,65.69000244140625,65.69000244140625,856100,WRB,-0.02811057847948495,1.378304713632373,62.06963319778443,65.4063998413086,64.08999938964844,65.19546811204017,52.6522272743434
2022-08-23,65.81999969482422,65.97000122070312,65.36000061035156,65.48999786376953,65.48999786376953,565600,WRB,-0.0030446730126874044,1.3741082264675166,62.132449855804445,65.35099975585938,64.18699932098389,65.22351856458583,51.71682459755744
2022-08-24,65.27999877929688,66.66000366210938,65.12000274658203,66.30999755859375,66.30999755859375,1150500,WRB,0.012520991320383867,1.3913134236443845,62.195399837493895,65.35119964599609,64.31999912261963,65.32699275449134,55.22870678737979
2022-08-25,66.63999938964844,67.51000213623047,66.16999816894531,67.4800033569336,67.4800033569336,821800,WRB,0.017644485619321415,1.4158624333398466,62.26139986038208,65.36599975585938,64.60399932861328,65.53204138329536,59.72951009452662
2022-08-26,67.73999786376953,67.97000122070312,66.52999877929688,66.54000091552734,66.54000091552734,993700,WRB,-0.013930088835860555,1.3961393438640648,62.3230331993103,65.35659973144531,64.8044994354248,65.62803752922223,54.949996362201944
2022-08-29,66.02999877929688,66.56999969482422,65.41000366210938,66.1500015258789,66.1500015258789,838800,WRB,-0.005861126905356451,1.3879563939921165,62.38264987945556,65.35359970092773,65.04099960327149,65.67774838604667,53.05317779228622
2022-08-30,66.0,66.0,65.0999984741211,65.23999786376953,65.23999786376953,691500,WRB,-0.01375666879997528,1.3688627375711588,62.437849864959716,65.32199966430665,65.24749946594238,65.63605786011551,48.81862488920956
2022-08-31,65.33000183105469,65.73999786376953,64.66000366210938,64.80000305175781,64.80000305175781,1349400,WRB,-0.006744249331989471,1.3596307859677093,62.491083221435545,65.26739974975585,65.38049964904785,65.55643359265288,46.87063759039161
2022-09-01,64.54000091552734,65.16000366210938,64.16000366210938,64.9800033569336,64.9800033569336,918400,WRB,0.0027777823564607562,1.3634075443762712,62.54651657104492,65.22839981079102,65.57049980163575,65.50153547496532,47.78849903242826
2022-09-02,65.2300033569336,66.38999938964844,64.44000244140625,64.7699966430664,64.7699966430664,923600,WRB,-0.0032318667746694674,1.359001192833268,62.59999988555908,65.2047998046875,65.71749954223633,65.43186511002257,46.77322229935715
2022-09-06,65.30999755859375,66.38999938964844,65.19000244140625,65.69999694824219,65.69999694824219,1953100,WRB,0.014358504761098123,1.3785144179309023,62.656299877166745,65.15819976806641,65.89999942779541,65.4574014755673,51.67002093688136
2022-09-07,65.51000213623047,66.98999786376953,65.41999816894531,66.86000061035156,66.86000061035156,839200,WRB,0.017656068736551234,1.4028535632482173,62.71766654968262,65.11159973144531,66.09399948120117,65.59098234554675,56.98566874081791
2022-09-08,66.61000061035156,68.05999755859375,66.52999877929688,68.01000213623047,68.01000213623047,722100,WRB,0.017200142317989497,1.4269828441873853,62.79008321762085,65.08999984741212,66.28999977111816,65.82136518275472,61.5058706315205
2022-09-09,68.29000091552734,68.61000061035156,67.62000274658203,67.62999725341797,67.62999725341797,989400,WRB,-0.005587485235646894,1.4190095986139668,62.85319986343384,65.0947998046875,66.40949974060058,65.99361585615122,59.28873488303573
2022-09-12,67.93000030517578,68.45999908447266,67.66000366210938,68.01000213623047,68.01000213623047,870100,WRB,0.005618880648310176,1.4269828441873853,62.91158321380615,65.0897998046875,66.51349983215331,66.1856526447302,60.810103704356436
2022-09-13,67.16000366210938,67.76000213623047,66.5999984741211,66.72000122070312,66.72000122070312,916600,WRB,-0.018967811718978433,1.3999161022726268,62.966849880218504,65.03699981689454,66.53549995422364,66.23654298529905,53.5009524134504
2022-09-14,66.75,67.68000030517578,66.61000061035156,67.30000305175781,67.30000305175781,1304200,WRB,0.008693072848366734,1.4120856749312842,63.035116558074954,65.02679992675782,66.57050018310547,66.33782489639036,56.05831297434395
2022-09-15,67.43000030517578,68.20999908447266,67.13999938964844,67.75,67.75,1035700,WRB,0.006686432805896203,1.4215274909128808,63.10896656036377,65.02239990234375,66.55550003051758,66.4723177634008,57.988846717236044
2022-09-16,67.41000366210938,67.58000183105469,66.37999725341797,66.94000244140625,66.94000244140625,2542100,WRB,-0.011955683521678973,1.40453215811416,63.18819990158081,65.01019989013672,66.49800033569336,66.51685916130607,53.437831175146044
2022-09-19,66.41999816894531,67.6500015258789,66.30999755859375,67.55999755859375,67.55999755859375,720400,WRB,0.009261952413733399,1.4175408681261716,63.2736332321167,65.01519989013671,66.49650039672852,66.61620567533348,56.26702139088632
